Crash Event,crash link,내용,사용자 수,이벤트 수,90일간 사용자 수,90일간 이벤트 수,진행상태,수정 현황,수정 버전,Jira 이슈 필드,최초 보고 일자
BaseActivityExtensionKt.showDialogFragment,https://console.firebase.google.com/project/ballosodeuk/crashlytics/app/android:io.balso/issues/20436682d6d99682f756c33ab0863d8c,비활성화된 화면에서 팝업 노출시도로 State오류 발생,264,286,7500,9200,반영 후 모니터링 중,,,BD-548,2024-08-07
android.app.ActivityThread.throwRemoteServiceException,https://console.firebase.google.com/project/ballosodeuk/crashlytics/app/android:io.balso/issues/9421d1fbdf562a695d8ce224737b99eb?time=last-twenty-four-hours&types=crash,"- resourceId 관련
- service notification 실행시 잘못된 icon resource 참조 에러",12,13,1020,1268,원인 파악 중,,,BD-506,2024-05-30
ProgressBar.onRestoreInstanceState,https://console.firebase.google.com/project/ballosodeuk/crashlytics/app/android:io.balso/issues/3e39b7c2c40db4cb9a07d98459b26c2e,화면복귀시 ProgressBar  상태 문제,7,7,32,32,발생 추이 모니터링,,,,2024-08-28
android.app.ActivityThread.throwRemoteServiceException,https://console.firebase.google.com/project/ballosodeuk/crashlytics/app/android:io.balso/issues/e3048ef8b11e0bd78c1f94e88f73d1ac,"- resourceId 관련
- startForeground함수를 실행하기 위한 notification 실행 실패
- OS13 이상",5,5,286,299,원인 파악 중,,,BD-411,2024-05-30
NetworkService.run,https://console.firebase.google.com/project/ballosodeuk/crashlytics/app/android:io.balso/issues/9418ae7cc1cca4d4a1b39c0dc8daf361?time=last-twenty-four-hours&types=crash,adpie 라이브러리내에서 발생하는 OOM,3,3,33,34,발생 추이 모니터링,,,,2024-06-12
android.app.ActivityThread$H.handleMessage,https://console.firebase.google.com/project/ballosodeuk/crashlytics/app/android:io.balso/issues/0055b5565d49825afb5c19d78ab58fd4,"- resourceId 관련
- notification이 정상 실행되지 않아 startForeground() 함수가 실행되지 못함",2,2,253,545,반영 후 모니터링 중,,2.4.6,BD-307,2024-05-30
android.app.ActivityThread.throwRemoteServiceException,https://console.firebase.google.com/project/ballosodeuk/crashlytics/app/android:io.balso/issues/4263de835bf1523a397818023de4d902,"- resourceId 관련
- startForeground함수를 실행하기 위한 notification 실행 실패
- OS12 이하",2,2,145,200,원인 파악 중,,,BD-411,2024-05-30
ActivityThread.generateForegroundServiceDidNotStartInTimeException,https://console.firebase.google.com/project/ballosodeuk/crashlytics/app/android:io.balso/issues/bf0aa132fee08d894d95a404d1a44d14?time=last-twenty-four-hours&types=crash,"- WalkService 이슈
- startFoergroundService 함수 내에서 startForeground 함수를 실행하지 못해서 발생",2,2,244,245,발생 추이 모니터링,,,,2024-06-13
"CancellableContinuationImpl.resumedState
",https://console.firebase.google.com/project/ballosodeuk/crashlytics/app/android:io.balso/issues/40f3c09f1360ebd2afd4441a6ad482d3?hl=ko&time=last-twenty-four-hours&types=crash,"OOM 발생 (갤러리 화면, Coroutine내부)",2,2,20,20,발생 추이 모니터링,,,,2024-07-08
Parcel.createException,https://console.firebase.google.com/project/ballosodeuk/crashlytics/app/android:io.balso/issues/0ae0edf6cefe5e2d274e4a6c77a7dd51?time=last-twenty-four-hours&types=crash,"- webDetailActivity에서 발생
- 자세한 원인 파악 필요",1,1,2,2,원인 파악 중,,,,2024-05-30
android.app.ActivityThread.handleCreateService,https://console.firebase.google.com/project/ballosodeuk/crashlytics/app/android:io.balso/issues/30805a6146c0b33feed724acdf88553d?time=last-twenty-four-hours&types=crash,System 종료시점에 서비스 생성 관련 로직 시도하여 발생,1,1,41,99,발생 추이 모니터링,,,,2024-05-30
ActivityThread.installContentProviders,https://console.firebase.google.com/project/ballosodeuk/crashlytics/app/android:io.balso/issues/2d93fbdb8935a9afba291afe58a0e612?time=last-twenty-four-hours&types=crash,설치시 시스템이 종료되어 발생,1,1,12,15,발생 추이 모니터링,,,,2024-06-05
org.chromium.base.JniAndroid.handleException,https://console.firebase.google.com/project/ballosodeuk/crashlytics/app/android:io.balso/issues/66353fa7d6d0ea80cbdc81c20a0ef367,크롬 WebView Native Exception에 의한 크래시,1,1,124,132,해야할일,,,BD-379,2024-05-30
ActivityThread.handleLaunchActivity,https://console.firebase.google.com/project/ballosodeuk/crashlytics/app/android:io.balso/issues/9597c1aa07d11f60f435f2b537fd2c55?time=last-twenty-four-hours&types=crash,Activity종료시 WindowManager에 붙어있지 않아 제거할 수 없음,1,1,5,5,발생 추이 모니터링,,,,2024-06-07
android.app.ActivityThread.handleStopService,https://console.firebase.google.com/project/ballosodeuk/crashlytics/app/android:io.balso/issues/23ef0b2efb89a5e8e63dd43d82aee5f6?hl=ko&time=last-twenty-four-hours&types=crash,DeadSystemException - Service Stop 시도 시,1,1,14,24,발생 추이 모니터링,,,,2024-07-01
ActivityClient.activityStopped,https://console.firebase.google.com/project/ballosodeuk/crashlytics/app/android:io.balso/issues/7be898be9b6f6bbe3d90f85674200043?time=last-twenty-four-hours&types=crash,activity 종료 이후 stop이 호출,1,1,5,5,발생 추이 모니터링,,,,2024-08-02
StepManagerImpl$init$1.invokeSuspend,https://console.firebase.google.com/project/ballosodeuk/crashlytics/app/android:io.balso/issues/1f217b37d585f0aa909dd8a220b65fcb,OOM 발생(걸음 수 계산),1,1,5,5,발생 추이 모니터링,,,,2024-08-05
ExitAppDialog.showNaverAd,https://console.firebase.google.com/project/ballosodeuk/crashlytics/app/android:io.balso/issues/bd48f96c3e5a74b6bba6e3ac855be5ef,addView시 기존View가 남아있어서 발생하는 문제,1,1,8,8,발생 추이 모니터링,,,,2024-08-30
ConfigRealtimeHttpClient.setRequestParams,https://console.firebase.google.com/project/ballosodeuk/crashlytics/app/android:io.balso/issues/767af038bd26c51291c634bb86fcd64b,Firebase RemoteConfig 내부에서 인증관련 method 참조 실패 오류,1,1,1,1,발생 추이 모니터링,,,,2024-09-02
org.chromium.content.browser.selection.SelectionPopupControllerImpl.C,https://console.firebase.google.com/project/ballosodeuk/crashlytics/app/android:io.balso/issues/f1132be7f7f0cf90286bd59fbecfa6b4?time=last-twenty-four-hours&types=crash,웹뷰에서만 사용되는 특정 팝업이 화면 종료시 정상 종료되지 않아 발생,0,0,41,43,반영 후 모니터링 중,,2.4.6,BD-304,2024-02-15
android.app.ActivityThread.throwRemoteServiceException,https://console.firebase.google.com/project/ballosodeuk/crashlytics/app/android:io.balso/issues/1111f679a8e037bbe213e54d1f126d90,"- resourceId 관련
- startForeground함수를 실행하기 위한 notification 실행 실패",0,0,2,2,원인 파악 중,,,,2024-08-07
WalkService$updateNotification$1.invokeSuspend,https://console.firebase.google.com/project/ballosodeuk/crashlytics/app/android:io.balso/issues/0f02de4263d58567c359e074a11e701f?time=last-twenty-four-hours&types=crash,System 종료시점에 crashlytics 로깅을 시도하여 발생,0,0,35,63,발생 추이 모니터링,,,,2024-06-03
BinderProxy.transactNative,https://console.firebase.google.com/project/ballosodeuk/crashlytics/app/android:io.balso/issues/93e7d779a388e0f520c12d23de37be7f?time=last-twenty-four-hours&types=crash,intent 전달시 누수 발생,0,0,4,5,해야할일,,,BD-405,2024-05-30
org.chromium.ui.base.DeviceFormFactor.isTablet,https://console.firebase.google.com/project/ballosodeuk/crashlytics/app/android:io.balso/issues/64b195624bc42280942addc968a0e070?time=last-twenty-four-hours&types=crash,DeviceFormFactor.isTablet 내부에서 Resource 확인되지 않아 발생,0,0,17,19,해야할일,,,BD-417,2024-05-29
a.getStringNullable,https://console.firebase.google.com/project/ballosodeuk/crashlytics/app/android:io.balso/issues/90c101d07066a38dbc0b554f8f75e8e8?time=last-twenty-four-hours&types=crash,"- 쇼핑탭으로 이동 시 OOM 발생
- 자세한 사항 추가 분석 필요",0,0,0,0,발생 추이 모니터링,,,,2024-06-03
org.chromium.ui.base.ViewAndroidDelegate.startDragAndDrop,https://console.firebase.google.com/project/ballosodeuk/crashlytics/app/android:io.balso/issues/c2a2c5e362038ee04f71ccb3219b1316?time=last-twenty-four-hours&types=crash,webView에서 드래그 시작 및 종료시 좌표관련 음수로 인해 발생,0,0,0,0,발생 추이 모니터링,,,,2024-05-30
ViewRootImpl.setView,https://console.firebase.google.com/project/ballosodeuk/crashlytics/app/android:io.balso/issues/4d076f33818e90b6cac597c2b2fe8f59?time=last-twenty-four-hours&types=crash,2.4.4 반영 후 재발생,0,0,17,22,반영 후 모니터링 중,,,BD-306,2024-06-04
android.app.ActivityThread.handleUnbindService,https://console.firebase.google.com/project/ballosodeuk/crashlytics/app/android:io.balso/issues/36293788e50e498455ee6f557bd0a311?time=last-twenty-four-hours&types=crash,System 종료시점에 service unbind를 시도하여 발생,0,0,24,28,발생 추이 모니터링,,,,2024-06-05
WalkService$Companion.startService,https://console.firebase.google.com/u/0/project/ballosodeuk/crashlytics/app/android:io.balso/issues/a8fd3d6cb602d59a6bdfbc67f5f077c1?hl=ko&time=last-twenty-four-hours&types=crash,ForegroundService가 일정시간 안에 되지 않아 발생하는 크래시,0,0,0,0,해야할일,,,BD-416,2024-05-30
BaseActivity.onResume,https://console.firebase.google.com/project/ballosodeuk/crashlytics/app/android:io.balso/issues/728552948e58ceb5600c0ba249e1fdd9?time=last-twenty-four-hours&types=crash,"OS 8, 9에서만 발생",0,0,4,5,해야할일,,,BD-419,2024-05-30
WebRequest.makeRequest,https://console.firebase.google.com/project/ballosodeuk/crashlytics/app/android:io.balso/issues/164f46503be70e5bbaa344905ac7bb69?time=last-twenty-four-hours&types=crash,Unity3D광고 처리중 발생,0,0,5,5,발생 추이 모니터링,,,,2024-06-07
SQLiteConnection.nativeExecuteForCursorWindow,https://console.firebase.google.com/project/ballosodeuk/crashlytics/app/android:io.balso/issues/5477adea1e4c817c12c45eab81c97772?time=last-twenty-four-hours&types=crash,Sqlite db에 내용을 추가할 디스크 공간이 없는 경우 발생,0,0,1,1,발생 추이 모니터링,,,,2024-06-07
Daemons$FinalizerWatchdogDaemon.refQueueTimeoutException,https://console.firebase.google.com/project/ballosodeuk/crashlytics/app/android:io.balso/issues/85019c61dc861c92c19c5bcf209fdd4d?time=last-twenty-four-hours&types=crash,galaxy s23FE 모델에서만 발생,0,0,11,11,발생 추이 모니터링,,,,2024-06-10
BaseActivity.onPause,https://console.firebase.google.com/project/ballosodeuk/crashlytics/app/android:io.balso/issues/6f9503dda425f59949e5eb70930e9ae5?time=last-twenty-four-hours&types=crash,"2.4.4에 적용 배포  됐으나,  ‘2024. 5. 8’ 2.4.5에 1회 재현됨 발생 확인 되므로 다시 진행중으로 변경",0,0,3,3,반영 후 모니터링 중,,2.4.4,BD-306,2024-06-12
Parcel.readException,https://console.firebase.google.com/project/ballosodeuk/crashlytics/app/android:io.balso/issues/bccda9411dca2b0596a22897f5086baa?time=last-twenty-four-hours&types=crash,AOS8의 저사양 단말(Galaxy A5(2017))에서 발생,0,0,1,1,발생 추이 모니터링,,,,2024-06-12
zq1.g,https://console.firebase.google.com/project/ballosodeuk/crashlytics/app/android:io.balso/issues/03ce6ae9547eb3436719878591736eb3?time=last-twenty-four-hours&types=crash,시스템이 죽은 상태에서 걸음수 sync를 시도해서 발생,0,0,1,1,발생 추이 모니터링,,,,2024-06-13
ViewRootImpl.obtainQueuedInputEvent,https://console.firebase.google.com/project/ballosodeuk/crashlytics/app/android:io.balso/issues/44bf43f9c4792dde3f8b02fa8b861743?time=last-twenty-four-hours&types=crash,저사양 단말 대비 과도한 메모리 사용으로 OOM,0,0,1,1,발생 추이 모니터링,,,,2024-06-13
org.chromium.content.browser.GestureListenerManagerImpl.f,https://console.firebase.google.com/project/ballosodeuk/crashlytics/app/android:io.balso/issues/94a9ebea3fd1bbf93caa3612e6e149e9?time=last-twenty-four-hours&types=crash,SelectionPopupControllerImpl.C 함수가 정상 동작하지 않아 발생,0,0,7,7,발생 추이 모니터링,,,,2024-06-13
com.pincrux.offerwall.ui.base.a.b,https://console.firebase.google.com/project/ballosodeuk/crashlytics/app/android:io.balso/issues/437e609b2c9ca0ca8076d3ac4a5e0d4f?time=last-twenty-four-hours&types=crash,pincrux offerwall 라이브러리 관련 NullPointerException,0,0,2,2,발생 추이 모니터링,,,,2024-06-14
Parcel.createExceptionOrNull,https://console.firebase.google.com/project/ballosodeuk/crashlytics/app/android:io.balso/issues/b4ed4fbbe4dc38923666f31ed827aa0e?time=last-twenty-four-hours&types=crash,remoteException과 연관되어 발생,0,0,5,5,발생 추이 모니터링,,,,2024-06-14
MdfUtils.getName,https://console.firebase.google.com/project/ballosodeuk/crashlytics/app/android:io.balso/issues/0f35b2446a1e22183b017ff46bcee799?time=last-twenty-four-hours&types=crash,삼성 보안관련 라이브러리에서 OOM 발생으로 추정,0,0,1,1,발생 추이 모니터링,,,,2024-06-17
com.igaworks.ssp.common.n.a$b.run,https://console.firebase.google.com/project/ballosodeuk/crashlytics/app/android:io.balso/issues/163215efa706fcac4ef36c549fda7738?time=last-twenty-four-hours&types=crash,IGAWorks 관련 함수에서 OOM 발생,0,0,3,3,발생 추이 모니터링,,,,2024-06-17
LayoutChallengeListBindingImpl.executeBindings,https://console.firebase.google.com/project/ballosodeuk/crashlytics/app/android:io.balso/issues/9869fda63c9c9b4ea8734186a9d968fb?time=last-twenty-four-hours&types=crash,챌린지탭 - 챌린지리스트에서 OOM 발생,0,0,1,1,발생 추이 모니터링,,,,2024-06-17
com.igaworks.ssp.common.n.a.b,https://console.firebase.google.com/project/ballosodeuk/crashlytics/app/android:io.balso/issues/505c4570230275635479d0aa4133f4e6?time=last-twenty-four-hours&types=crash,adpopcorn(IGAWorks) 라이브러리 내에서 OOM 발생,0,0,9,9,발생 추이 모니터링,,,,2024-06-21
AppInitializer.doInitialize,https://console.firebase.google.com/project/ballosodeuk/crashlytics/app/android:io.balso/issues/e983fecab81a8c27258062403bd5701d?time=last-twenty-four-hours&types=crash,시스템의 앱 실행 이벤트 공급시 발생,0,0,2,2,발생 추이 모니터링,,,,2024-06-21
ServiceConnection.lambda$new$0,https://console.firebase.google.com/project/ballosodeuk/crashlytics/app/android:io.balso/issues/8fd219a3f8434647ef7926ee2e6ae46a?time=last-twenty-four-hours&types=crash,healthConnect binder 관련 크래시,0,0,1,1,발생 추이 모니터링,,,,2024-06-24
Preconditions.outOfBounds,https://console.firebase.google.com/project/ballosodeuk/crashlytics/app/android:io.balso/issues/a34175e57d4cd343ec43f9d330ccada0?time=last-twenty-four-hours&types=crash,매일 버튼 누르기 혜택내에서 OOB 발생,0,0,1,1,발생 추이 모니터링,,,,2024-06-26
org.chromium.content.browser.GestureListenerManagerImpl.g,https://console.firebase.google.com/project/ballosodeuk/crashlytics/app/android:io.balso/issues/b0e5aa2f71fe233d4b58407f6e052598?time=last-twenty-four-hours&types=crash,benefitID 9 혜택에서 제스쳐관련 크래시,0,0,1,1,발생 추이 모니터링,,,,2024-06-26
LimitedDispatcher.dispatch,https://console.firebase.google.com/project/ballosodeuk/crashlytics/app/android:io.balso/issues/c1dcb9401e4222296bd097de1a629fb5?time=last-twenty-four-hours&types=crash,coroutine dispatcher의 최대 개수를 초과하여 발생,0,0,1,1,발생 추이 모니터링,,,,2024-06-26
RecordingCanvas.throwIfCannotDraw,https://console.firebase.google.com/project/ballosodeuk/crashlytics/app/android:io.balso/issues/0ece7b0990753a4805cb2b2f577ff592?time=last-twenty-four-hours&types=crash,뷰에 너무 큰 bitmap을 그리려고 시도시 발생,0,0,3,4,발생 추이 모니터링,,,,2024-06-28
AlbumActivity.getPictureList,https://console.firebase.google.com/project/ballosodeuk/crashlytics/app/android:io.balso/issues/42048dabcd342ced56f1af304a5e3524?time=last-twenty-four-hours&types=crash,사진목록 로드중 경로를 찾을 수 없는 경우 발생,0,0,3,3,발생 추이 모니터링,,,,2024-06-28
Pools$SimplePool.<init>,https://console.firebase.google.com/project/ballosodeuk/crashlytics/app/android:io.balso/issues/57016946f1c268d3edbeef31dc8fd397?hl=ko&time=last-twenty-four-hours&types=crash,OOM 발생 (챌린지 Fragment 내에서 ConstraintLayout 그리는 중),0,0,1,1,발생 추이 모니터링,,,,2024-07-01
android.app.ActivityThread.handleServiceArgs,https://console.firebase.google.com/project/ballosodeuk/crashlytics/app/android:io.balso/issues/75ccadf7c8e0cbdced7dd33af9f20882?hl=ko&time=last-twenty-four-hours&types=crash,DeadSystemException - FCM Service 생성 시도 시,0,0,7,8,발생 추이 모니터링,,,,2024-07-01
ViewRootImpl.checkThread,https://console.firebase.google.com/project/ballosodeuk/crashlytics/app/android:io.balso/issues/c4adc38f26bfcb599aa5596b52d2bc91?hl=ko&time=last-twenty-four-hours&types=crash,"Thread에서 UI 접근 ",0,0,69,106,발생 추이 모니터링,"2.4.9 적용 후 모니터링 중, 8/20 2.5.0 1건 발생",2.4.9,BD-491,2024-07-01
Parcel.readBundle,https://console.firebase.google.com/project/ballosodeuk/crashlytics/app/android:io.balso/issues/21775bb6da4a35866af3888bcf72e766?hl=ko&time=last-twenty-four-hours&types=crash,OOM 발생(홈 화면접근 시),0,0,1,1,발생 추이 모니터링,,,,2024-07-03
android.app.ActivityThread.handleSleeping,https://console.firebase.google.com/project/ballosodeuk/crashlytics/app/android:io.balso/issues/22b0e9b595c86f346813acd8d18976bb?hl=ko&time=last-twenty-four-hours&types=crash,DeadSystemException,0,0,5,7,발생 추이 모니터링,,,,2024-07-03
ImageAssetManager.bitmapForId,https://console.firebase.google.com/project/ballosodeuk/crashlytics/app/android:io.balso/issues/b0d355e3cfcf04c43082067077bb45e9?hl=ko&time=last-twenty-four-hours,OOM 발생(홈 화면 Bitmap 접근 시),0,0,2,2,발생 추이 모니터링,,,,2024-07-03
SolverVariable.<init>,https://console.firebase.google.com/project/ballosodeuk/crashlytics/app/android:io.balso/issues/eb5aba31a8645f29514ae5f2ac1bccaf?hl=ko&time=last-twenty-four-hours,OOM 발생(챌린지 탭 ConstraintLayout 관련),0,0,8,9,발생 추이 모니터링,,,,2024-07-03
WV.N4.c,https://console.firebase.google.com/project/ballosodeuk/crashlytics/app/android:io.balso/issues/299931054c1f725ca27cd62794d2c451?hl=ko&time=last-twenty-four-hours&types=crash,OOM 발생(WebView접근시),0,0,4,4,발생 추이 모니터링,,,,2024-07-05
ServiceConnection.connect,https://console.firebase.google.com/project/ballosodeuk/crashlytics/app/android:io.balso/issues/3c7597943207715700193dbbe9861930?hl=ko&time=last-twenty-four-hours&types=crash,ServiceConnet 실패(HealthConnect 권한 관련),0,0,4,54,발생 추이 모니터링,,,,2024-07-05
DisplayEventReceiver.dispatchVsync,https://console.firebase.google.com/project/ballosodeuk/crashlytics/app/android:io.balso/issues/113d2226f16928b2da970bfc18d308a9?hl=ko&time=last-twenty-four-hours&types=crash,OOM 발생(DisplayEventReceiver ),0,0,2,2,발생 추이 모니터링,,,,2024-07-08
ViewGroup.offsetRectBetweenParentAndChild,https://console.firebase.google.com/project/ballosodeuk/crashlytics/app/android:io.balso/issues/1ceae08e29560910c0e182b24852e881?hl=ko&time=last-twenty-four-hours&types=crash,"MotionLayout 그릴 때 offset 측정 오류 ",0,0,1,1,발생 추이 모니터링,,,,2024-07-08
g.a,https://console.firebase.google.com/project/ballosodeuk/crashlytics/app/android:io.balso/issues/26beb5acc3d8fe1f465124cf91fd63cb?hl=ko&time=last-twenty-four-hours&types=crash,OOM 발생 (com.kakao.adfit 내부),0,0,3,3,발생 추이 모니터링,,,,2024-07-08
org.chromium.android_webview.AwContents.v,https://console.firebase.google.com/project/ballosodeuk/crashlytics/app/android:io.balso/issues/85f05d7a0cb7677fae0bf633039383b2?hl=ko&time=last-twenty-four-hours&types=crash,OOM 발생 (WebView),0,0,2,2,발생 추이 모니터링,,,,2024-07-08
WV.eq.a,https://console.firebase.google.com/project/ballosodeuk/crashlytics/app/android:io.balso/issues/8ce59e82966e6fc011975ca2b775e424?hl=ko&time=last-twenty-four-hours&types=crash,OOM 발생 (WebView),0,0,2,2,발생 추이 모니터링,,,,2024-07-08
WV.I7.b,https://console.firebase.google.com/project/ballosodeuk/crashlytics/app/android:io.balso/issues/a092e3887426274b13536ad12516d5e0?hl=ko&time=last-twenty-four-hours&types=crash,OOM 발생 (WebView),0,0,7,7,발생 추이 모니터링,,,,2024-07-08
HomeNormalChallengeAdapter.createRecruitingAdnetworkViewHolder,https://console.firebase.google.com/project/ballosodeuk/crashlytics/app/android:io.balso/issues/a3c0d007dcd9eb9b0f467375744b4a48?hl=ko&time=last-twenty-four-hours&types=crash,OOM 발생 (Home List AdnetworkViewHolder Inflate시),0,0,1,1,발생 추이 모니터링,,,,2024-07-08
io.balso.ui.base.BaseBindingActivity$dataBinding$2.invoke,https://console.firebase.google.com/project/ballosodeuk/crashlytics/app/android:io.balso/issues/3e42e9d17450eb111a5b5386ffad92c9?hl=ko&time=last-twenty-four-hours&types=crash,databinding시  Resource 참조 문제,0,0,13,17,발생 추이 모니터링,,,,2024-07-10
RecruitingChallengeAdapter.createRecruitingChallengeViewHolder,https://console.firebase.google.com/project/ballosodeuk/crashlytics/app/android:io.balso/issues/ec186587d80b71cb793d65f38db08cf8?hl=ko&time=last-twenty-four-hours&types=crash,OOM 발생 (챌린지 탭 - RecruitingChallengeAdapter),0,0,3,3,발생 추이 모니터링,,,,2024-07-10
Object.internalClone,https://console.firebase.google.com/project/ballosodeuk/crashlytics/app/android:io.balso/issues/dc8fbede1c40eb24c6b696aa709d865b?hl=ko&time=last-twenty-four-hours&types=crash,OOM 발생 (layout xml 구성 관련),0,0,1,1,발생 추이 모니터링,,,,2024-07-12
BaseSharedPreference.get,https://console.firebase.google.com/project/ballosodeuk/crashlytics/app/android:io.balso/issues/e1dddfd71bf71b209d95a322f29cbffe?hl=ko&time=last-twenty-four-hours&types=crash,OOM 발생 (SharedPreference get),0,0,1,1,발생 추이 모니터링,,,,2024-07-12
com.igaworks.ssp.common.m.a.f,https://console.firebase.google.com/project/ballosodeuk/crashlytics/app/android:io.balso/issues/f08b3dce9870ae57e10081d79aea7401?hl=ko&time=last-twenty-four-hours&types=crash,OOM 발생 (Home - AdPopcorn 광고),0,0,2,2,발생 추이 모니터링,,,,2024-07-15
DirectExecutor.execute,https://console.firebase.google.com/project/ballosodeuk/crashlytics/app/android:io.balso/issues/cfe7abb71b0ea8c039874ba3a7b7895e?hl=ko&time=last-twenty-four-hours&types=crash,헬스 커넥트 연결 실패 시,0,0,1,1,발생 추이 모니터링,,,,2024-07-17
ExitAppDialog.initOfferwallLayout,https://console.firebase.google.com/project/ballosodeuk/crashlytics/app/android:io.balso/issues/2b303c54c15581d44c7ba383d3ae7a0b?hl=ko&time=last-twenty-four-hours&types=crash,OOM 발생(앱 종료 팝업 생성 시),0,0,1,1,발생 추이 모니터링,,,,2024-07-19
InsecureNonceAesGcmJce.decrypt,https://console.firebase.google.com/project/ballosodeuk/crashlytics/app/android:io.balso/issues/47564bdbb0d0b394c1e3b3ac32a22b24?hl=ko&time=last-twenty-four-hours&types=crash,OOM 발생(SharedPreference),0,0,1,1,발생 추이 모니터링,,,,2024-07-19
com.igaworks.ssp.part.hybrid.AdPopcornSSPJsBridge$d.OnCustomAdReceiveSuccess,https://console.firebase.google.com/project/ballosodeuk/crashlytics/app/android:io.balso/issues/5616071684ef6c80bb8551a80de92122?hl=ko&time=last-twenty-four-hours&types=crash,OOM 발생(애드팝콘 SSP 광고),0,0,1,1,발생 추이 모니터링,,,,2024-07-19
ArrayLinkedVariables.<init>,https://console.firebase.google.com/project/ballosodeuk/crashlytics/app/android:io.balso/issues/981914888c3004ab51e0ea0bc3698124?hl=ko&time=last-twenty-four-hours&types=crash,OOM 발생(홈 MotionLayout),0,0,2,2,발생 추이 모니터링,,,,2024-07-19
com.igaworks.ssp.common.o.a$d.run,https://console.firebase.google.com/project/ballosodeuk/crashlytics/app/android:io.balso/issues/981c52219d98247c7f89f9f5c44fecab?hl=ko&time=last-twenty-four-hours&types=crash,OOM 발생(애드팝콘 SSP 광고),0,0,4,4,발생 추이 모니터링,,,,2024-07-19
StepManagerImpl.processWalkData,https://console.firebase.google.com/project/ballosodeuk/crashlytics/app/android:io.balso/issues/ac952a541104c862745adc5351180f90?hl=ko&time=last-twenty-four-hours&types=crash,OOM 발생(걸음 수 계산),0,0,1,1,발생 추이 모니터링,,,,2024-07-19
RealConnectionPool.cleanup,https://console.firebase.google.com/project/ballosodeuk/crashlytics/app/android:io.balso/issues/ac952a541104c862745adc5351180f90?hl=ko&time=last-twenty-four-hours&types=crash,정규식 Class관련 IncompatibleClassChangeError,0,0,1,1,발생 추이 모니터링,,,,2024-07-19
com.fsn.cauly.blackdragoncore.contents.f.a,https://console.firebase.google.com/project/ballosodeuk/crashlytics/app/android:io.balso/issues/ec64392b0978064c9a76c354d37b759f?hl=ko&time=last-twenty-four-hours&types=crash,"openIntent 시  Activity없음 ",0,0,3,8,발생 추이 모니터링,,,,2024-07-22
PincruxOfferwallActivity.onResume,https://console.firebase.google.com/project/ballosodeuk/crashlytics/app/android:io.balso/issues/12cf4a978eb9f279b2d1de129f5a5ff7?hl=ko&time=last-twenty-four-hours&types=crash,PincruxOfferwall화면 Activity Lifecycle 문제,0,0,1,1,발생 추이 모니터링,,,,2024-07-24
ConstraintWidget.<init>,https://console.firebase.google.com/project/ballosodeuk/crashlytics/app/android:io.balso/issues/62a9f63f892efb7347a322c31acf3068?hl=ko&time=last-twenty-four-hours&types=crash,OOM 발생(홈 MotionLayout),0,0,3,3,발생 추이 모니터링,,,,2024-07-24
SemDesktopModeManager.getDesktopModeState,https://console.firebase.google.com/project/ballosodeuk/crashlytics/app/android:io.balso/issues/f698ce8b56be08bddc55d5b3b8c852b9?hl=ko&time=last-twenty-four-hours&types=crash,DeadSystemException,0,0,1,1,발생 추이 모니터링,,,,2024-07-24
f.a,https://console.firebase.google.com/project/ballosodeuk/crashlytics/app/android:io.balso/issues/23a21a11ece866f8c97d0651426fcfdf?hl=ko&time=last-twenty-four-hours&types=crash,OOM 발생(kakao.adfit),0,0,1,1,발생 추이 모니터링,,,,2024-07-26
java.lang.OutOfMemoryError,https://console.firebase.google.com/project/ballosodeuk/crashlytics/app/android:io.balso/issues/310f2754352eee6c68696b74a4034137?hl=ko&time=last-twenty-four-hours&types=crash,OOM 발생(Exception Throw 중),0,0,4,5,발생 추이 모니터링,,,,2024-07-26
ThreadedRenderer.nDeleteProxy,https://console.firebase.google.com/project/ballosodeuk/crashlytics/app/android:io.balso/issues/ad3a5b98108c4b71119b41c619a4b5c3?hl=ko&time=last-twenty-four-hours&types=crash,View Rendering 중 Timeout,0,0,1,1,발생 추이 모니터링,,,,2024-07-26
SplineSet$Sort.doubleQuickSort,https://console.firebase.google.com/project/ballosodeuk/crashlytics/app/android:io.balso/issues/eba2a7cde924f7e23cf9934b21bc8325?hl=ko&time=last-twenty-four-hours&types=crash,OOM 발생(ConstraintLayout),0,0,2,2,발생 추이 모니터링,,,,2024-07-26
ConstraintAnchor.resetSolverVariable,https://console.firebase.google.com/project/ballosodeuk/crashlytics/app/android:io.balso/issues/3b50040c246da561d6145cfb1ba9e832?hl=ko&time=last-twenty-four-hours&types=crash,OOM 발생(ConstraintLayout),0,0,2,2,발생 추이 모니터링,,,,2024-07-29
org.chromium.content.browser.GestureListenerManagerImpl.onEventAck,https://console.firebase.google.com/project/ballosodeuk/crashlytics/app/android:io.balso/issues/a79932e3901042c74c56a277286c0e4b?hl=ko&time=last-twenty-four-hours&types=crash,destroy된 window에 이벤트 전달,0,0,2,2,발생 추이 모니터링,,,,2024-07-29
MotionController.<init>,https://console.firebase.google.com/project/ballosodeuk/crashlytics/app/android:io.balso/issues/437404a527580180b11b945c96d64471?hl=ko&time=last-twenty-four-hours&types=crash,OOM 발생(MotionLayout),0,0,1,1,발생 추이 모니터링,,,,2024-07-31
SQLiteSession.throwIfNoTransaction,https://console.firebase.google.com/project/ballosodeuk/crashlytics/app/android:io.balso/issues/36c601a21eb7763b8f50c2d5297845c6?hl=ko&time=last-twenty-four-hours&types=crash,DB Transaction 관련 에러,0,0,4,4,발생 추이 모니터링,,,,2024-07-31
DisplayManagerGlobal.getDisplayIds,https://console.firebase.google.com/project/ballosodeuk/crashlytics/app/android:io.balso/issues/15136c3f8d925d6d478360c271190c6f?time=last-twenty-four-hours&types=crash,화면이 종료된 이후 display의 id목록을 요청,0,0,1,1,발생 추이 모니터링,,,,2024-08-02
MaterialTextView.<init>,https://console.firebase.google.com/project/ballosodeuk/crashlytics/app/android:io.balso/issues/2c8743cd542da3c6efad64168c136725?time=last-twenty-four-hours&types=crash,adPie adView의 MaterialTextView에서 OOM,0,0,1,1,발생 추이 모니터링,,,,2024-08-02
org.chromium.android_webview.AwContents.n,https://console.firebase.google.com/project/ballosodeuk/crashlytics/app/android:io.balso/issues/5e3a52badf7d7a46dbe996bf697d598d?time=last-twenty-four-hours&types=crash,webView가 제거되기 전에 destroy가 호출,0,0,1,1,발생 추이 모니터링,,,,2024-08-02
BaseSharedPreference.set,https://console.firebase.google.com/project/ballosodeuk/crashlytics/app/android:io.balso/issues/61b76e566fda176552e9de8bbcaa7ca7?time=last-twenty-four-hours&types=crash,coinPopup 관련 sharedPreference 값 설정 중 OOM,0,0,1,1,발생 추이 모니터링,,,,2024-08-02
aosc.d java.lang.ClassNotFoundException - erew,https://console.firebase.google.com/project/ballosodeuk/crashlytics/app/android:io.balso/issues/37d3a07dc03bb929a596fdf54f0c585c,안드로이드 gms라이브러리 내의 특정 class를 참조하지 못하는 현상,0,0,1,1694,발생 추이 모니터링,,,BD-516,2024-08-05
ServiceConnection.onBindingDied,https://console.firebase.google.com/project/ballosodeuk/crashlytics/app/android:io.balso/issues/7294b48eed9c3ffe188c9f98a16ff5d9,ServiceConnet 실패(HealthConnect 권한 관련),0,0,2,2,발생 추이 모니터링,,,,2024-08-05
FloatingLayout.updateCoinText,https://console.firebase.google.com/project/ballosodeuk/crashlytics/app/android:io.balso/issues/12d4ec5429f27c6ef95b8ce926fb3a20,Floating버튼 관련 현상,0,0,1,1,발생 추이 모니터링,,,,2024-08-07
TextView.getTextDirectionHeuristic,https://console.firebase.google.com/project/ballosodeuk/crashlytics/app/android:io.balso/issues/553c7d40b39ab02bc253344a1409091a,TextView관련 현상,0,0,1,1,발생 추이 모니터링,,,,2024-08-07
ActivityResultContracts$RequestMultiplePermissions.parseResult,https://console.firebase.google.com/project/ballosodeuk/crashlytics/app/android:io.balso/issues/b439cffcd4192cd1a4b64afa7a508655,Kotlin Collection Array관련 현상,0,0,1,1,발생 추이 모니터링,,,,2024-08-07
BaseWebChromeClient.onCreateWindow,https://console.firebase.google.com/project/ballosodeuk/crashlytics/app/android:io.balso/issues/dc116f00fb77dcba888d3cbaabe7f6c9,Chrome Native Crash현상,0,0,1,1,발생 추이 모니터링,,,,2024-08-07
BaseBindingActivity$dataBinding$2.invoke,https://console.firebase.google.com/u/0/project/ballosodeuk/crashlytics/app/android:io.balso/issues/a3293304d3f3479d2a737a3556c8fb39,databinding시 설치된 WebView를 찾지 못하는 문제,0,0,6,35,발생 추이 모니터링,,,,2024-08-12
BaseBindingFragment.onCreateView,https://console.firebase.google.com/u/0/project/ballosodeuk/crashlytics/app/android:io.balso/issues/2e1bcbb1adfd5b6e809cc5092b092763,Fragment생성시 설치된 WebView가 없는 문제,0,0,3,5,발생 추이 모니터링,,,,2024-08-12
org.chromium.android_webview.AwDataDirLock.b,https://console.firebase.google.com/u/0/project/ballosodeuk/crashlytics/app/android:io.balso/issues/d61f5a84f3addfb6c46bdcd244582738,Chrome WebView사 관련 현상,0,0,1,1,발생 추이 모니터링,,,,2024-08-14
SQLiteConnection.nativeExecute,https://console.firebase.google.com/project/ballosodeuk/crashlytics/app/android:io.balso/issues/7a57a046eca8f25c5aac9000736987f0,Android SQLiteDatabase 오류 문제,0,0,2,4,발생 추이 모니터링,,,,2024-08-16
DiskLruCache$Entry.<init>,https://console.firebase.google.com/project/ballosodeuk/crashlytics/app/android:io.balso/issues/8b9063fa6f45ad254f9c49506968a2b6,OOM 발생,0,0,1,1,발생 추이 모니터링,,,,2024-08-16
CarouselViewPageAdapter.getCarouselItem,https://console.firebase.google.com/project/ballosodeuk/crashlytics/app/android:io.balso/issues/da44b01595e183c8adc4fcef3420cbf5,CarouselView에서 IndexOutOfBoundsException 발생 현상,0,0,3,3,발생 추이 모니터링,,,,2024-08-16
Linux.open,https://console.firebase.google.com/project/ballosodeuk/crashlytics/app/android:io.balso/issues/5ed0ab12b88e7f255f8e248024da543f,Device에 공간이 없어서 File Open안되는 현상,0,0,1,1,발생 추이 모니터링,,,,2024-08-21
ActivityThread.throwRemoteServiceException,https://console.firebase.google.com/project/ballosodeuk/crashlytics/app/android:io.balso/issues/424473ed2ee5458363024b5210af54b1,RemoteService Event처리 관련 현상,0,0,2,2,발생 추이 모니터링,,,,2024-08-26
BaseActivity.onCreate,https://console.firebase.google.com/project/ballosodeuk/crashlytics/app/android:io.balso/issues/bc8f5f1402db6707becd7838f9e7f098,Fragment 재생성시 발생하는 오류,0,0,6,6,발생 추이 모니터링,,,,2024-08-30
WV.z7.e,https://console.firebase.google.com/project/ballosodeuk/crashlytics/app/android:io.balso/issues/15a835215996d5bc0741a445810d23b2,Chrome Native Crash현상,0,0,1,1,발생 추이 모니터링,,,,2024-08-30
LayoutOHomeNormalMobonBindingImpl.executeBindings,https://console.firebase.google.com/project/ballosodeuk/crashlytics/app/android:io.balso/issues/7958684275d9d0cc6c69e1f22ab32b92,Resource를 찾지 못하는 문제,0,0,1,1,발생 추이 모니터링,,,,2024-08-30
LayerParser.parse,https://console.firebase.google.com/project/ballosodeuk/crashlytics/app/android:io.balso/issues/99ef58f2240d183de5c9ac68ff12866f,Lottie애니메이션 실행시 OOM,0,0,1,1,발생 추이 모니터링,,,,2024-08-30